0,0.2071,-0.24897
0,-0.93901,0.2071
0,-0.64356,-0.93901
1,-0.037556,-0.64356
1,1.043,-0.037556
1,1.1699,1.043
1,1.0856,1.1699
1,0.82802,1.0856
1,0.076042,0.82802
1,0.12016,0.076042
0,0.18798,0.12016
1,-0.44892,0.18798
1,0.57826,-0.44892
0,1.3704,0.57826
1,-0.080146,1.3704
1,0.4941,-0.080146
1,0.46305,0.4941
1,0.1891,0.46305
1,1.2148,0.1891
1,1.3034,1.2148
1,0.69251,1.3034
0,0.27378,0.69251
0,-0.094556,0.27378
0,-0.23334,-0.094556
1,-0.2394,-0.23334
0,0.88147,-0.2394
0,-0.61607,0.88147
1,-0.19207,-0.61607
0,0.52197,-0.19207
0,-0.71019,0.52197
0,-0.12064,-0.71019
0,-0.13671,-0.12064
0,-0.92171,-0.13671
0,-1.0543,-0.92171
0,-0.46837,-1.0543
0,-0.7139,-0.46837
1,-0.11171,-0.7139
1,0.87121,-0.11171
1,1.1489,0.87121
0,0.57493,1.1489
1,-0.12093,0.57493
0,0.81839,-0.12093
1,-0.46522,0.81839
1,0.27569,-0.46522
1,0.081399,0.27569
0,0.37415,0.081399
1,-0.11295,0.37415
1,0.35915,-0.11295
0,0.34854,0.35915
0,-0.32793,0.34854
1,-0.86004,-0.32793
0,0.32821,-0.86004
0,-0.36904,0.32821
0,-0.90556,-0.36904
1,-0.50247,-0.90556
1,0.031782,-0.50247
1,0.41257,0.031782
1,0.060794,0.41257
1,0.74002,0.060794
1,0.60017,0.74002
1,0.83131,0.60017
1,1.1691,0.83131
1,0.58304,1.1691
1,0.78559,0.58304
1,0.58011,0.78559
1,0.80731,0.58011
1,0.97539,0.80731
1,0.79135,0.97539
0,0.29523,0.79135
0,-0.23805,0.29523
0,-0.63842,-0.23805
0,-0.96237,-0.63842
0,-0.41476,-0.96237
0,-0.27396,-0.41476
0,-0.9477,-0.27396
1,-0.33863,-0.9477
1,0.44953,-0.33863
1,0.27007,0.44953
1,0.72658,0.27007
1,0.051041,0.72658
0,0.64839,0.051041
0,-0.94992,0.64839
0,-1.7962,-0.94992
0,-0.72628,-1.7962
1,-0.46782,-0.72628
0,0.48883,-0.46782
1,-0.29465,0.48883
0,0.35953,-0.29465
1,-0.57276,0.35953
1,0.40776,-0.57276
1,0.51228,0.40776
1,0.18545,0.51228
1,0.19425,0.18545
0,0.40917,0.19425
0,-0.040895,0.40917
0,-0.15888,-0.040895
1,-0.52592,-0.15888
1,0.73548,-0.52592
0,0.45235,0.73548
0,-0.22337,0.45235
1,-0.29319,-0.22337
0,0.24036,-0.29319
0,-0.37524,0.24036
0,-1.0478,-0.37524
0,-0.501,-1.0478
0,-0.85806,-0.501
0,-0.69508,-0.85806
0,-1.1772,-0.69508
0,-1.1466,-1.1772
0,-0.34776,-1.1466
1,-0.49406,-0.34776
0,0.016027,-0.49406
1,-0.46554,0.016027
1,0.18126,-0.46554
1,0.026997,0.18126
1,0.057222,0.026997
1,0.59775,0.057222
1,0.13583,0.59775
1,0.71669,0.13583
1,0.6682,0.71669
1,0.7807,0.6682
0,0.2313,0.7807
1,-0.53785,0.2313
0,0.63249,-0.53785
0,-0.51393,0.63249
1,-0.86423,-0.51393
1,0.20736,-0.86423
1,0.4192,0.20736
1,0.52222,0.4192
0,0.033257,0.52222
0,-0.32721,0.033257
1,-0.137,-0.32721
1,0.30067,-0.137
0,0.23084,0.30067
0,-1.2064,0.23084
1,-1.3585,-1.2064
1,0.66642,-1.3585
1,0.92329,0.66642
1,0.3674,0.92329
0,0.045767,0.3674
0,-0.665,0.045767
1,-0.091095,-0.665
0,0.13592,-0.091095
0,-1.5072,0.13592
0,-0.36744,-1.5072
0,-0.43862,-0.36744
1,-0.05184,-0.43862
1,0.48214,-0.05184
1,0.43968,0.48214
1,0.43152,0.43968
1,0.056852,0.43152
1,0.39143,0.056852
1,0.025262,0.39143
1,0.57043,0.025262
1,1.1007,0.57043
1,0.21687,1.1007
1,0.34364,0.21687
1,1.0459,0.34364
1,0.81621,1.0459
1,0.049493,0.81621
0,0.59579,0.049493
1,-0.51694,0.59579
1,0.2696,-0.51694
0,0.093834,0.2696
0,-0.75365,0.093834
0,-0.16096,-0.75365
0,-0.024279,-0.16096
1,-0.1938,-0.024279
0,0.068412,-0.1938
0,-0.12666,0.068412
1,-0.38293,-0.12666
0,0.095934,-0.38293
1,-0.0010567,0.095934
1,0.54505,-0.0010567
1,0.57772,0.54505
1,0.59597,0.57772
1,0.62124,0.59597
1,0.26322,0.62124
1,0.98877,0.26322
1,1.134,0.98877
0,0.74984,1.134
1,-0.3145,0.74984
0,0.55954,-0.3145
1,-0.058001,0.55954
1,0.35259,-0.058001
1,0.47978,0.35259
1,0.30783,0.47978
1,0.59323,0.30783
1,0.26658,0.59323
1,0.60599,0.26658
0,0.48584,0.60599
0,-0.15971,0.48584
0,-0.49727,-0.15971
0,-0.71149,-0.49727
1,-0.52661,-0.71149
1,0.37044,-0.52661
1,0.030919,0.37044
0,0.28385,0.030919
0,-0.20212,0.28385
0,-0.94329,-0.20212
1,-0.91791,-0.94329
0,0.041343,-0.91791
0,-1.1379,0.041343
0,-0.80884,-1.1379
0,-0.8076,-0.80884
0,-0.45805,-0.8076
0,-0.82157,-0.45805
0,-1.3424,-0.82157
1,-1.0964,-1.3424
1,0.16764,-1.0964
0,0.88822,0.16764
1,-0.12608,0.88822
1,0.43371,-0.12608
0,0.25178,0.43371
0,-0.07927,0.25178
1,-0.47438,-0.07927
1,0.060255,-0.47438
1,0.39787,0.060255
1,0.1009,0.39787
0,0.025233,0.1009
0,-0.35738,0.025233
0,-0.38783,-0.35738
0,-0.17204,-0.38783
0,-0.11762,-0.17204
1,-0.062131,-0.11762
0,0.721,-0.062131
0,-0.5515,0.721
0,-0.78281,-0.5515
0,-0.086336,-0.78281
0,-0.038349,-0.086336
1,-0.59752,-0.038349
0,0.091437,-0.59752
0,-0.55964,0.091437
0,-1.578,-0.55964
0,-0.61296,-1.578
1,-0.73723,-0.61296
0,0.20409,-0.73723
1,-0.40697,0.20409
0,0.31501,-0.40697
1,-0.33666,0.31501
0,0.56148,-0.33666
0,-0.70608,0.56148
0,-0.27792,-0.70608
0,-1.5103,-0.27792
0,-1.6876,-1.5103
0,-0.78424,-1.6876
0,-0.105,-0.78424
0,-0.14389,-0.105
0,-0.83919,-0.14389
0,-0.11332,-0.83919
0,-0.66897,-0.11332
0,-1.0876,-0.66897
0,-0.6228,-1.0876
1,-0.30166,-0.6228
0,0.69115,-0.30166
0,-0.63039,0.69115
0,-0.027855,-0.63039
0,-0.20494,-0.027855
0,-0.80509,-0.20494
0,-0.46612,-0.80509
1,-0.37262,-0.46612
1,0.27575,-0.37262
1,0.25869,0.27575
0,0.073072,0.25869
0,-0.096434,0.073072
1,-0.8118,-0.096434
0,0.16188,-0.8118
1,-0.2252,0.16188
0,0.0052862,-0.2252
0,-0.65134,0.0052862
0,-0.68228,-0.65134
0,-0.37925,-0.68228
0,-1.1152,-0.37925
0,-0.40081,-1.1152
1,-0.079229,-0.40081
1,0.31216,-0.079229
1,0.65111,0.31216
1,1.2572,0.65111
1,1.8097,1.2572
1,1.2687,1.8097
1,1.1829,1.2687
1,0.76732,1.1829
1,0.089441,0.76732
0,0.11752,0.089441
0,-0.43084,0.11752
0,-0.37903,-0.43084
0,-0.81898,-0.37903
0,-0.81303,-0.81898
0,-0.76608,-0.81303
0,-1.381,-0.76608
0,-0.77725,-1.381
0,-0.64829,-0.77725
1,-1.1542,-0.64829
0,0.027435,-1.1542
0,-1.1023,0.027435
0,-0.49088,-1.1023
1,-0.72319,-0.49088
1,0.27717,-0.72319
1,0.58465,0.27717
1,0.40985,0.58465
1,0.3824,0.40985
1,0.28269,0.3824
1,0.07476,0.28269
0,0.044235,0.07476
1,-0.63446,0.044235
0,0.05736,-0.63446
0,-0.58401,0.05736
1,-0.90073,-0.58401
1,0.48425,-0.90073
1,0.12849,0.48425
1,0.98384,0.12849
1,0.58313,0.98384
1,0.47684,0.58313
0,0.23159,0.47684
1,-0.51795,0.23159
1,0.62571,-0.51795
0,0.84426,0.62571
0,-0.1402,0.84426
1,-0.13984,-0.1402
1,0.22939,-0.13984
1,0.28822,0.22939
0,0.029263,0.28822
0,-0.50267,0.029263
0,-1.3868,-0.50267
0,-0.42707,-1.3868
0,-0.046552,-0.42707
0,-0.43299,-0.046552
0,-0.71963,-0.43299
0,-0.66788,-0.71963
0,-0.58343,-0.66788
1,-0.3796,-0.58343
0,0.44496,-0.3796
1,-0.089737,0.44496
1,1.334,-0.089737
0,0.29197,1.334
0,-0.12214,0.29197
0,-0.39673,-0.12214
0,-0.32847,-0.39673
0,-0.13597,-0.32847
0,-0.78526,-0.13597
0,-1.25,-0.78526
1,-1.0343,-1.25
1,0.65557,-1.0343
0,0.11534,0.65557
0,-0.34322,0.11534
0,-0.22739,-0.34322
0,-0.0020418,-0.22739
0,-0.33067,-0.0020418
0,-0.17369,-0.33067
0,-0.18999,-0.17369
1,-0.64107,-0.18999
1,0.75871,-0.64107
0,0.68636,0.75871
0,-0.069087,0.68636
0,-0.55921,-0.069087
1,-0.22943,-0.55921
0,0.33842,-0.22943
1,-0.68066,0.33842
0,0.45924,-0.68066
0,-1.0031,0.45924
1,-0.45984,-1.0031
1,0.36434,-0.45984
1,0.73373,0.36434
1,0.30133,0.73373
1,1.2184,0.30133
1,1.5522,1.2184
0,0.74476,1.5522
0,-0.44587,0.74476
0,-0.95159,-0.44587
0,-0.10358,-0.95159
1,-0.53169,-0.10358
0,0.027061,-0.53169
1,-0.088229,0.027061
1,0.070246,-0.088229
1,0.6974,0.070246
1,1.0204,0.6974
0,0.46774,1.0204
0,-0.001931,0.46774
1,-0.37806,-0.001931
1,0.094069,-0.37806
0,0.027851,0.094069
1,-0.036979,0.027851
0,0.049626,-0.036979
1,-0.34403,0.049626
1,0.092177,-0.34403
1,1.0086,0.092177
0,0.38869,1.0086
1,-0.082164,0.38869
1,0.29306,-0.082164
0,0.45981,0.29306
1,-0.033236,0.45981
1,0.3103,-0.033236
1,0.55818,0.3103
1,1.4408,0.55818
1,1.8943,1.4408
1,2.126,1.8943
0,0.15028,2.126
1,-0.37442,0.15028
1,0.21657,-0.37442
1,0.55324,0.21657
1,0.0095362,0.55324
1,0.17037,0.0095362
1,0.089346,0.17037
1,0.7892,0.089346
0,0.12109,0.7892
1,-0.018163,0.12109
1,0.56142,-0.018163
1,0.6098,0.56142
1,0.42971,0.6098
0,0.10819,0.42971
0,-0.065165,0.10819
1,-0.013984,-0.065165
0,0.29792,-0.013984
0,-0.66937,0.29792
0,-0.017274,-0.66937
1,-0.16001,-0.017274
0,0.24322,-0.16001
0,-0.74018,0.24322
0,-1.1141,-0.74018
1,-0.37281,-1.1141
1,0.47662,-0.37281
0,0.16868,0.47662
0,-0.16765,0.16868
1,-0.16992,-0.16765
0,0.5257,-0.16992
0,-0.23373,0.5257
0,-1.0571,-0.23373
1,-0.12221,-1.0571
1,0.165,-0.12221
0,0.1745,0.165
0,-0.64929,0.1745
1,-0.81168,-0.64929
0,0.096987,-0.81168
1,-0.12805,0.096987
1,0.49417,-0.12805
1,0.43101,0.49417
1,0.4162,0.43101
1,0.28957,0.4162
1,0.51468,0.28957
1,0.43327,0.51468
0,0.88335,0.43327
0,-0.021125,0.88335
0,-0.3573,-0.021125
0,-0.58185,-0.3573
1,-0.22772,-0.58185
1,0.030813,-0.22772
0,0.042622,0.030813
0,-0.069152,0.042622
0,-0.0085227,-0.069152
0,-0.77898,-0.0085227
0,-0.24516,-0.77898
1,-0.031745,-0.24516
0,0.32047,-0.031745
1,-0.13487,0.32047
0,0.021778,-0.13487
1,-0.071966,0.021778
0,0.62701,-0.071966
0,-0.035008,0.62701
1,-0.81325,-0.035008
1,0.069389,-0.81325
0,0.55316,0.069389
0,-0.10731,0.55316
1,-0.30177,-0.10731
1,0.17635,-0.30177
0,0.99326,0.17635
0,-0.25198,0.99326
0,-0.15796,-0.25198
1,-0.64656,-0.15796
1,0.6501,-0.64656
0,0.7529,0.6501
0,-0.10481,0.7529
1,-0.6791,-0.10481
1,0.019429,-0.6791
1,1.1379,0.019429
1,0.5439,1.1379
1,0.36318,0.5439
0,0.63661,0.36318
1,-0.018907,0.63661
1,0.34772,-0.018907
1,0.6104,0.34772
0,0.84093,0.6104
1,-0.2996,0.84093
1,0.20791,-0.2996
1,0.66538,0.20791
1,0.54239,0.66538
1,0.82438,0.54239
1,0.41365,0.82438
1,0.12355,0.41365
1,0.61412,0.12355
1,1.0922,0.61412
0,0.93061,1.0922
1,-0.066243,0.93061
0,1.0106,-0.066243
1,-0.28248,1.0106
1,0.12195,-0.28248
0,0.18094,0.12195
0,-0.40637,0.18094
0,-0.52718,-0.40637
0,-0.45162,-0.52718
0,-0.72793,-0.45162
1,-0.40932,-0.72793
0,0.2447,-0.40932
1,-0.56566,0.2447
0,0.43437,-0.56566
1,-0.17885,0.43437
0,0.1829,-0.17885
1,-0.2153,0.1829
1,0.057798,-0.2153
0,0.10937,0.057798
1,-0.26341,0.10937
1,0.62769,-0.26341
1,0.34068,0.62769
0,0.14875,0.34068
1,-0.69632,0.14875
1,0.1583,-0.69632
0,0.9303,0.1583
1,-0.24986,0.9303
1,0.054646,-0.24986
1,1.1412,0.054646
1,0.95781,1.1412
0,0.35194,0.95781
1,-0.19486,0.35194
1,0.6826,-0.19486
0,0.24411,0.6826
1,-0.29151,0.24411
1,1.0862,-0.29151
1,0.73968,1.0862
1,0.72376,0.73968
0,0.19174,0.72376
0,-0.015366,0.19174
0,-0.3625,-0.015366
0,-0.37981,-0.3625
0,-0.97562,-0.37981
1,-0.9549,-0.97562
0,0.035236,-0.9549
0,-0.27878,0.035236
0,-0.18931,-0.27878
0,-0.42098,-0.18931
1,-0.59619,-0.42098
1,0.57104,-0.59619
1,0.7096,0.57104
0,0.30651,0.7096
0,-0.43179,0.30651
0,-0.85689,-0.43179
0,-0.089437,-0.85689
0,-0.26791,-0.089437
1,-0.36162,-0.26791
0,0.94157,-0.36162
0,-0.090527,0.94157
0,-0.2578,-0.090527
0,-0.25912,-0.2578
0,-0.068979,-0.25912
1,-0.62159,-0.068979
1,0.72574,-0.62159
1,1.1525,0.72574
1,0.21103,1.1525
1,1.1323,0.21103
1,1.1855,1.1323
1,1.1225,1.1855
1,1.1446,1.1225
1,1.1855,1.1446
0,0.47514,1.1855
1,-0.090284,0.47514
0,0.015851,-0.090284
0,-0.58733,0.015851
0,-0.79376,-0.58733
1,-1.2987,-0.79376
1,0.22737,-1.2987
0,0.9649,0.22737
0,-0.47974,0.9649
1,-0.33923,-0.47974
0,0.021936,-0.33923
0,-1.0312,0.021936
0,-2.408,-1.0312
0,-1.7031,-2.408
0,-1.7707,-1.7031
0,-1.0794,-1.7707
0,-0.49079,-1.0794
0,-0.15731,-0.49079
1,-0.19919,-0.15731
0,0.61135,-0.19919
1,-0.22891,0.61135
0,0.19022,-0.22891
1,-0.47129,0.19022
1,0.24172,-0.47129
1,0.41375,0.24172
0,0.1589,0.41375
0,-0.31918,0.1589
0,-0.23159,-0.31918
0,-0.11864,-0.23159
1,-0.24053,-0.11864
1,0.1899,-0.24053
1,0.45316,0.1899
0,0.8177,0.45316
1,-0.20093,0.8177
1,0.88827,-0.20093
0,0.60154,0.88827
0,-0.7959,0.60154
0,-1.2199,-0.7959
0,-1.092,-1.2199
0,-0.74056,-1.092
0,-0.10842,-0.74056
1,-0.14876,-0.10842
0,0.032698,-0.14876
0,-0.40976,0.032698
0,-1.2593,-0.40976
0,-0.012266,-1.2593
0,-0.36443,-0.012266
0,-0.36536,-0.36443
0,-0.095409,-0.36536
0,-0.7982,-0.095409
0,-0.85659,-0.7982
1,-1.0406,-0.85659
1,0.48187,-1.0406
1,0.46816,0.48187
1,0.20654,0.46816
0,0.6252,0.20654
0,-0.44805,0.6252
1,-0.03624,-0.44805
1,0.29974,-0.03624
0,0.15301,0.29974
0,-0.29216,0.15301
0,-0.74005,-0.29216
0,-0.16707,-0.74005
0,-0.4634,-0.16707
0,-0.19199,-0.4634
0,-0.20922,-0.19199
0,-0.27669,-0.20922
0,-0.7479,-0.27669
0,-0.45645,-0.7479
0,-0.78659,-0.45645
1,-0.21009,-0.78659
0,0.6397,-0.21009
1,-0.41147,0.6397
1,0.50225,-0.41147
1,0.2705,0.50225
1,0.33038,0.2705
1,0.72557,0.33038
1,0.20092,0.72557
0,0.86038,0.20092
1,-0.28273,0.86038
0,0.51346,-0.28273
0,-0.46962,0.51346
1,-0.22569,-0.46962
0,0.0046724,-0.22569
1,-0.0052662,0.0046724
0,0.74277,-0.0052662
1,-0.11533,0.74277
0,0.36607,-0.11533
1,-0.20953,0.36607
1,0.14934,-0.20953
1,0.55088,0.14934
1,0.43692,0.55088
0,0.11805,0.43692
0,-0.079173,0.11805
0,-0.91332,-0.079173
0,-0.46359,-0.91332
0,-0.60416,-0.46359
1,-0.11521,-0.60416
1,1.2539,-0.11521
1,0.5153,1.2539
1,0.51127,0.5153
1,0.38801,0.51127
1,0.21016,0.38801
1,0.083951,0.21016
0,0.44984,0.083951
0,-0.23574,0.44984
0,-0.39762,-0.23574
0,-0.23056,-0.39762
0,-0.64203,-0.23056
0,-0.076831,-0.64203
0,-0.91524,-0.076831
1,-0.59119,-0.91524
0,0.038934,-0.59119
1,-0.024724,0.038934
1,0.025525,-0.024724
0,0.044168,0.025525
0,-0.10755,0.044168
0,-0.69486,-0.10755
0,-0.41327,-0.69486
1,-0.37845,-0.41327
0,0.40305,-0.37845
0,-0.86127,0.40305
0,-0.82106,-0.86127
0,-1.1365,-0.82106
0,-0.13275,-1.1365
0,-0.74269,-0.13275
0,-0.27521,-0.74269
0,-0.55925,-0.27521
1,-0.44587,-0.55925
0,0.97059,-0.44587
0,-0.39636,0.97059
1,-0.22967,-0.39636
1,0.26282,-0.22967
1,0.57306,0.26282
1,0.81716,0.57306
1,0.61462,0.81716
0,0.38347,0.61462
0,-0.44148,0.38347
0,-0.089739,-0.44148
0,-0.10244,-0.089739
0,-0.37879,-0.10244
0,-0.028116,-0.37879
0,-0.83852,-0.028116
0,-1.4934,-0.83852
1,-2.0479,-1.4934
0,0.091312,-2.0479
0,-0.092428,0.091312
0,-0.47144,-0.092428
1,-0.27909,-0.47144
0,0.014248,-0.27909
0,-0.62326,0.014248
0,-0.92004,-0.62326
0,-0.25101,-0.92004
0,-0.051161,-0.25101
1,-0.42275,-0.051161
0,0.0051835,-0.42275
0,-0.37419,0.0051835
1,-0.67267,-0.37419
0,0.17351,-0.67267
1,-0.40677,0.17351
1,0.76098,-0.40677
1,0.91491,0.76098
1,1.057,0.91491
1,1.7544,1.057
1,1.1101,1.7544
1,0.039999,1.1101
0,0.92571,0.039999
1,-1.0683,0.92571
1,0.18211,-1.0683
0,0.097983,0.18211
1,-0.054854,0.097983
1,0.64424,-0.054854
0,0.061574,0.64424
1,-0.62832,0.061574
1,0.12755,-0.62832
1,0.028694,0.12755
1,0.075614,0.028694
1,0.40445,0.075614
1,0.50464,0.40445
1,0.0061325,0.50464
0,0.28981,0.0061325
0,-0.4179,0.28981
0,-0.61269,-0.4179
0,-0.53228,-0.61269
1,-0.19243,-0.53228
0,0.45653,-0.19243
0,-0.024347,0.45653
0,-0.47395,-0.024347
1,-0.72099,-0.47395
0,0.18506,-0.72099
0,-0.71347,0.18506
0,-0.068817,-0.71347
0,-0.10227,-0.068817
0,-0.030745,-0.10227
1,-0.46877,-0.030745
0,0.65094,-0.46877
1,-0.1519,0.65094
1,0.37759,-0.1519
0,0.66281,0.37759
1,-0.27623,0.66281
0,0.14639,-0.27623
0,-0.20342,0.14639
0,-0.77482,-0.20342
0,-0.11796,-0.77482
1,-1.4624,-0.11796
0,0.40988,-1.4624
0,-0.82524,0.40988
0,-1.3074,-0.82524
0,-1.9292,-1.3074
1,-0.6441,-1.9292
0,0.42231,-0.6441
0,-0.42939,0.42231
0,-0.94668,-0.42939
1,-0.30184,-0.94668
0,0.7319,-0.30184
0,-0.6007,0.7319
0,-0.21784,-0.6007
0,-0.42211,-0.21784
0,-0.14625,-0.42211
0,-0.27226,-0.14625
0,-0.72733,-0.27226
0,-0.28431,-0.72733
0,-0.27418,-0.28431
0,-0.25138,-0.27418
1,-0.46136,-0.25138
0,0.0087025,-0.46136
1,-0.45945,0.0087025
0,0.26895,-0.45945
1,-0.38792,0.26895
1,1.4486,-0.38792
1,2.1754,1.4486
1,2.5386,2.1754
1,0.8832,2.5386
1,0.94192,0.8832
1,1.0557,0.94192
1,1.3032,1.0557
0,0.55541,1.3032
0,-0.91318,0.55541
0,-0.38957,-0.91318
0,-0.49883,-0.38957
0,-0.55847,-0.49883
0,-0.24591,-0.55847
1,-0.16746,-0.24591
1,0.38275,-0.16746
1,0.63791,0.38275
1,0.5778,0.63791
1,0.69146,0.5778
0,0.21811,0.69146
0,-0.21145,0.21811
0,-0.42404,-0.21145
0,-0.68628,-0.42404
0,-0.05279,-0.68628
1,-0.29983,-0.05279
1,0.26065,-0.29983
1,0.41615,0.26065
0,0.13886,0.41615
1,-0.30882,0.13886
1,0.96685,-0.30882
1,1.153,0.96685
1,0.57626,1.153
1,1.3127,0.57626
1,1.3219,1.3127
0,0.24305,1.3219
0,-0.64759,0.24305
0,-0.38086,-0.64759
0,-0.3272,-0.38086
0,-0.38511,-0.3272
1,-0.4736,-0.38511
1,0.81942,-0.4736
1,0.038744,0.81942
1,0.43097,0.038744
1,0.54672,0.43097
1,0.77292,0.54672
1,1.2758,0.77292
0,0.19008,1.2758
0,-0.26527,0.19008
1,-0.17795,-0.26527
0,0.36517,-0.17795
0,-0.24324,0.36517
0,-0.041162,-0.24324
0,-0.33589,-0.041162
0,-0.14968,-0.33589
0,-1.0444,-0.14968
1,-0.39937,-1.0444
1,0.59004,-0.39937
0,0.064549,0.59004
0,-0.053366,0.064549
0,-0.08073,-0.053366
0,-0.23063,-0.08073
0,-0.80539,-0.23063
1,-0.81987,-0.80539
0,0.023282,-0.81987
1,-0.53558,0.023282
1,0.14598,-0.53558
0,0.3502,0.14598
1,-0.31676,0.3502
1,0.086355,-0.31676
1,0.086149,0.086355
1,0.1819,0.086149
1,0.48491,0.1819
1,0.70611,0.48491
1,0.79972,0.70611
0,0.46752,0.79972
1,-0.19545,0.46752
1,0.57523,-0.19545
1,0.66441,0.57523
1,0.76862,0.66441
0,0.87599,0.76862
1,-0.3846,0.87599
0,0.22956,-0.3846
0,-0.5225,0.22956
1,-0.22844,-0.5225
0,0.47612,-0.22844
1,-0.46562,0.47612
1,0.40667,-0.46562
1,0.74583,0.40667
0,0.75965,0.74583
1,-0.33149,0.75965
0,0.081917,-0.33149
0,-0.37365,0.081917
1,-0.064991,-0.37365
1,0.47799,-0.064991
0,0.057886,0.47799
1,-0.5487,0.057886
0,0.12095,-0.5487
0,-0.31984,0.12095
0,-0.12363,-0.31984
0,-0.12994,-0.12363
0,-0.48871,-0.12994
1,-0.38537,-0.48871
0,0.33779,-0.38537
1,-0.6,0.33779
0,0.69223,-0.6
0,-0.18798,0.69223
1,-0.24282,-0.18798
1,0.40963,-0.24282
0,0.16368,0.40963
0,-1.1163,0.16368
1,-0.21176,-1.1163
1,0.066265,-0.21176
1,0.41329,0.066265
1,0.57503,0.41329
1,0.73241,0.57503
1,0.61345,0.73241
1,1.1608,0.61345
1,0.73792,1.1608
1,0.0010515,0.73792
1,0.18823,0.0010515
1,0.66567,0.18823
1,0.74787,0.66567
1,0.45134,0.74787
1,0.071233,0.45134
0,0.30323,0.071233
1,-0.36134,0.30323
1,0.68833,-0.36134
1,1.5865,0.68833
1,0.25337,1.5865
1,0.12309,0.25337
1,0.43541,0.12309
0,0.41571,0.43541
0,-0.78447,0.41571
0,-1.5455,-0.78447
0,-0.61148,-1.5455
0,-0.53057,-0.61148
1,-0.1827,-0.53057
1,0.062245,-0.1827
0,0.60588,0.062245
1,-0.1788,0.60588
0,1.0511,-0.1788
1,-0.21105,1.0511
1,1.2001,-0.21105
0,0.39741,1.2001
1,-0.048962,0.39741
1,0.19047,-0.048962
0,0.35949,0.19047
1,-0.0079964,0.35949
1,0.33209,-0.0079964
1,0.090017,0.33209
0,0.21279,0.090017
1,-0.10198,0.21279
1,0.22976,-0.10198
0,0.20402,0.22976
1,-0.25349,0.20402
0,0.23491,-0.25349
1,-0.11347,0.23491
1,0.43557,-0.11347
0,0.066709,0.43557
0,-0.27984,0.066709
1,-0.31985,-0.27984
1,0.70027,-0.31985
1,1.3758,0.70027
1,1.0971,1.3758
1,0.98348,1.0971
1,0.52974,0.98348
1,0.11756,0.52974
1,0.57632,0.11756
1,0.56796,0.57632
0,0.69663,0.56796
1,-0.068108,0.69663
0,0.4734,-0.068108
0,-0.50285,0.4734
0,-0.39115,-0.50285
1,-0.8167,-0.39115
1,0.93954,-0.8167
1,0.8071,0.93954
0,1.5039,0.8071
1,-0.077084,1.5039
0,1.1745,-0.077084
0,-0.78357,1.1745
1,-0.59847,-0.78357
0,1.2132,-0.59847
0,-0.44798,1.2132
0,-1.1427,-0.44798
0,-1.0899,-1.1427
0,-0.7733,-1.0899
0,-0.39342,-0.7733
1,-0.18437,-0.39342
0,0.041612,-0.18437
1,-0.50783,0.041612
1,0.61147,-0.50783
1,0.3155,0.61147
0,0.43813,0.3155
1,-0.44817,0.43813
1,0.44156,-0.44817
0,0.66358,0.44156
1,-0.45775,0.66358
0,0.079607,-0.45775
1,-0.2672,0.079607
0,0.4603,-0.2672
0,-0.6422,0.4603
0,-0.55357,-0.6422
0,-0.48462,-0.55357
0,-0.53717,-0.48462
0,-1.0932,-0.53717
1,-0.60488,-1.0932
0,0.21174,-0.60488
1,-0.37415,0.21174
0,0.46578,-0.37415
1,-0.015172,0.46578
1,0.33412,-0.015172
0,0.49422,0.33412
0,-0.83902,0.49422
0,-0.33463,-0.83902
1,-0.033997,-0.33463
1,0.55494,-0.033997
1,0.82833,0.55494
1,0.64333,0.82833
1,0.24057,0.64333
1,0.37678,0.24057
1,0.33897,0.37678
0,0.25062,0.33897
0,-0.23643,0.25062
0,-0.14314,-0.23643
0,-1.1575,-0.14314
0,-0.8011,-1.1575
0,-0.032649,-0.8011
0,-0.99329,-0.032649
0,-1.7301,-0.99329
0,-1.0059,-1.7301
0,-0.20436,-1.0059
0,-1.0723,-0.20436
0,-0.59444,-1.0723
0,-0.65514,-0.59444
0,-0.39504,-0.65514
0,-0.1995,-0.39504
1,-0.17766,-0.1995
1,0.70658,-0.17766
1,1.9252,0.70658
1,1.2844,1.9252
0,0.28079,1.2844
0,-0.097939,0.28079
1,-0.37048,-0.097939
0,0.41677,-0.37048
1,-0.010637,0.41677
0,0.58543,-0.010637
1,-0.54988,0.58543
0,0.18058,-0.54988
1,-0.78358,0.18058
0,0.10259,-0.78358
0,-0.10787,0.10259
0,-0.2786,-0.10787
1,-0.014702,-0.2786
1,0.025602,-0.014702
1,0.37639,0.025602
0,0.2862,0.37639
1,-0.39543,0.2862
0,0.87349,-0.39543
0,-1.2617,0.87349
0,-2.0229,-1.2617
0,-0.87457,-2.0229
0,-0.27413,-0.87457
0,-0.22768,-0.27413
0,-0.6259,-0.22768
0,-0.65779,-0.6259
0,-0.45187,-0.65779
1,-0.31926,-0.45187
1,0.64136,-0.31926
1,0.32442,0.64136
0,0.075136,0.32442
1,-0.046291,0.075136
1,0.51405,-0.046291
0,0.27496,0.51405
1,-0.47778,0.27496
1,0.40368,-0.47778
1,0.05071,0.40368
0,0.074616,0.05071
1,-0.070017,0.074616
0,0.68548,-0.070017
0,-0.3799,0.68548
0,-0.13255,-0.3799
0,-0.99719,-0.13255
0,-1.4011,-0.99719
0,-2.0643,-1.4011
0,-2.3485,-2.0643
0,-0.83543,-2.3485
0,-0.61882,-0.83543
0,-0.86949,-0.61882
0,-0.90937,-0.86949
1,-1.0595,-0.90937
0,0.50717,-1.0595
1,-0.027363,0.50717
0,0.26525,-0.027363
0,-0.55195,0.26525
1,-0.61269,-0.55195
1,0.79031,-0.61269
1,1.2778,0.79031
1,0.47101,1.2778
1,0.69645,0.47101
1,0.064175,0.69645
1,0.32372,0.064175
0,0.0061407,0.32372
0,-0.94671,0.0061407
0,-1.1292,-0.94671
1,-0.3975,-1.1292
1,0.22144,-0.3975
0,0.99796,0.22144
0,-0.35805,0.99796
0,-0.39852,-0.35805
0,-0.29038,-0.39852
0,-0.18011,-0.29038
0,-0.17926,-0.18011
0,-0.60253,-0.17926
0,-0.3741,-0.60253
1,-0.15254,-0.3741
1,0.15141,-0.15254
1,0.58717,0.15141
1,0.25864,0.58717
1,0.1884,0.25864
1,0.29531,0.1884
0,0.24471,0.29531
1,-0.15308,0.24471
1,0.59294,-0.15308
1,1.0912,0.59294
0,1.1478,1.0912
1,-0.30785,1.1478
0,0.70454,-0.30785
0,-0.27586,0.70454
0,-1.2789,-0.27586
0,-0.42882,-1.2789
0,-0.28759,-0.42882
0,-0.46316,-0.28759
0,-0.78961,-0.46316
0,-1.6409,-0.78961
0,-1.0004,-1.6409
0,-1.1952,-1.0004
1,-1.8422,-1.1952
0,0.32437,-1.8422
0,-0.19384,0.32437
1,-0.33293,-0.19384
1,0.28662,-0.33293
0,0.08321,0.28662
1,-0.065222,0.08321
1,0.27661,-0.065222
0,1.4001,0.27661
0,-0.49115,1.4001
0,-0.55605,-0.49115
1,-0.9717,-0.55605
1,0.33153,-0.9717
1,0.44596,0.33153
1,0.85653,0.44596
1,1.0247,0.85653
1,1.1025,1.0247
1,0.93033,1.1025
1,1.1303,0.93033
1,0.93013,1.1303
0,0.28579,0.93013
0,-1.355,0.28579
0,-0.54293,-1.355
1,-0.18696,-0.54293
1,0.043773,-0.18696
1,0.32912,0.043773
1,0.75543,0.32912
0,0.39972,0.75543
0,-0.45807,0.39972
1,-0.341,-0.45807
1,0.071307,-0.341
0,0.22401,0.071307
0,-0.98148,0.22401
1,-0.071697,-0.98148
1,0.35128,-0.071697
0,0.23254,0.35128
0,-0.889,0.23254
1,-0.89002,-0.889
0,0.81687,-0.89002
0,-0.43552,0.81687
1,-0.51225,-0.43552
0,0.10295,-0.51225
0,-1.4333,0.10295
1,-1.2051,-1.4333
1,0.1055,-1.2051
1,0.7291,0.1055
0,0.12129,0.7291
0,-0.033756,0.12129
1,-0.37081,-0.033756
1,0.37086,-0.37081
1,0.93109,0.37086
1,1.1809,0.93109
1,0.75619,1.1809
1,1.3253,0.75619
1,0.69552,1.3253
1,0.99662,0.69552
1,0.55776,0.99662
1,0.18678,0.55776
0,0.22355,0.18678
1,-0.4733,0.22355
0,0.45663,-0.4733
1,-0.078199,0.45663
1,0.68034,-0.078199
1,1.2201,0.68034
1,0.63954,1.2201
1,0.74488,0.63954
0,0.35807,0.74488
0,-0.7168,0.35807
1,-0.86561,-0.7168
1,0.17153,-0.86561
1,0.47566,0.17153
1,0.096585,0.47566
1,0.6516,0.096585
1,1.2472,0.6516
1,0.8555,1.2472
1,1.0394,0.8555
1,0.31487,1.0394
1,0.13644,0.31487
1,0.21081,0.13644
1,0.30182,0.21081
1,0.418,0.30182
0,0.44221,0.418
1,-0.12918,0.44221
1,0.40275,-0.12918
1,0.24257,0.40275
0,0.021209,0.24257
0,-0.45623,0.021209
1,-1.092,-0.45623
1,0.245,-1.092
0,0.88455,0.245
1,-0.023561,0.88455
0,0.23568,-0.023561
0,-0.21634,0.23568
0,-0.61388,-0.21634
1,-0.063538,-0.61388
0,0.61187,-0.063538
0,-0.85231,0.61187
1,-0.47898,-0.85231
0,0.50239,-0.47898
0,-0.58298,0.50239
1,-1.3138,-0.58298
1,0.46914,-1.3138
1,0.54208,0.46914
1,0.33846,0.54208
1,0.54408,0.33846
1,1.121,0.54408
1,0.60344,1.121
1,0.25195,0.60344
0,0.16894,0.25195
0,-0.29832,0.16894
0,-0.15362,-0.29832
0,-0.18797,-0.15362
0,-1.0698,-0.18797
0,-1.2862,-1.0698
0,-0.030771,-1.2862
0,-1.5455,-0.030771
0,-0.25803,-1.5455
0,-0.17338,-0.25803
1,-0.19978,-0.17338
1,0.69757,-0.19978
1,1.6968,0.69757
1,1.6212,1.6968
1,0.96616,1.6212
1,0.53138,0.96616
1,0.19238,0.53138
1,0.192,0.19238
0,0.1783,0.192
0,-0.4093,0.1783
0,-0.069374,-0.4093
0,-0.59776,-0.069374
0,-0.092097,-0.59776
0,-0.58694,-0.092097
0,-0.49066,-0.58694
0,-0.88642,-0.49066
1,-0.84728,-0.88642
0,0.28382,-0.84728
1,-0.17597,0.28382
1,0.087038,-0.17597
1,0.86892,0.087038
0,1.0617,0.86892
1,-0.81628,1.0617
1,1.3591,-0.81628
0,1.101,1.3591
1,-0.52977,1.101
1,0.82033,-0.52977
1,0.54223,0.82033
0,0.45891,0.54223
0,-0.47955,0.45891
0,-1.2789,-0.47955
0,-0.0079748,-1.2789
0,-0.10713,-0.0079748
0,-0.81565,-0.10713
1,-0.67077,-0.81565
1,0.1831,-0.67077
1,0.78411,0.1831
1,0.077828,0.78411
0,0.24029,0.077828
1,-0.13589,0.24029
1,0.49501,-0.13589
1,0.93749,0.49501
1,1.0628,0.93749
0,0.74931,1.0628
0,-0.18579,0.74931
0,-0.37151,-0.18579
0,-0.15628,-0.37151
1,-0.1885,-0.15628
1,0.15618,-0.1885
1,0.45072,0.15618
1,0.73766,0.45072
1,0.31942,0.73766
1,0.36903,0.31942
1,0.62253,0.36903
0,0.41822,0.62253
1,-0.12104,0.41822
1,0.084727,-0.12104
1,0.62139,0.084727
1,0.80005,0.62139
0,0.059741,0.80005
1,-0.33076,0.059741
1,0.076313,-0.33076
0,0.60853,0.076313
1,-0.047434,0.60853
0,0.10653,-0.047434
0,-0.026719,0.10653
0,-0.38654,-0.026719
1,-0.50332,-0.38654
1,0.62259,-0.50332
1,0.15115,0.62259
0,0.72889,0.15115
1,-0.05599,0.72889
1,0.32962,-0.05599
0,0.93213,0.32962
1,-0.34658,0.93213
1,0.8275,-0.34658
1,0.33603,0.8275
1,0.6839,0.33603
0,0.92087,0.6839
1,-0.33308,0.92087
0,1.0412,-0.33308
1,-0.20414,1.0412
0,0.80698,-0.20414
1,-0.60776,0.80698
1,0.21483,-0.60776
0,0.54909,0.21483
0,-0.16713,0.54909
0,-0.017434,-0.16713
0,-0.33621,-0.017434
0,-0.77128,-0.33621
0,-0.14779,-0.77128
1,-0.82265,-0.14779
0,0.18269,-0.82265
0,-0.032032,0.18269
0,-0.099871,-0.032032
0,-0.56634,-0.099871
0,-0.07636,-0.56634
0,-0.05553,-0.07636
1,-0.17904,-0.05553
1,0.19921,-0.17904
0,0.9858,0.19921
0,-0.23069,0.9858
0,-0.47167,-0.23069
0,-0.080771,-0.47167
1,-0.39265,-0.080771
1,0.10412,-0.39265
1,0.12113,0.10412
0,0.47139,0.12113
0,-0.44515,0.47139
1,-0.14888,-0.44515
0,0.62631,-0.14888
0,-0.43481,0.62631
1,-0.13102,-0.43481
0,0.81854,-0.13102
0,-0.52804,0.81854
0,-0.90202,-0.52804
0,-0.49764,-0.90202
0,-0.090428,-0.49764
1,-0.18053,-0.090428
0,0.14931,-0.18053
0,-0.11482,0.14931
0,-0.69231,-0.11482
0,-0.3659,-0.69231
0,-0.054391,-0.3659
0,-0.43782,-0.054391
0,-0.96502,-0.43782
1,-0.13062,-0.96502
0,0.10799,-0.13062
1,-0.66298,0.10799
0,0.6702,-0.66298
0,-1.6919,0.6702
1,-0.19538,-1.6919
1,0.69993,-0.19538
1,1.2753,0.69993
0,2.0931,1.2753
0,-0.50447,2.0931
1,-0.23718,-0.50447
0,0.32041,-0.23718
1,-0.54892,0.32041
0,0.51815,-0.54892
0,-0.2211,0.51815
0,-0.77876,-0.2211
0,-1.4355,-0.77876
0,-0.96756,-1.4355
0,-1.0913,-0.96756
0,-0.95311,-1.0913
0,-1.0237,-0.95311
1,-0.35843,-1.0237
1,0.28227,-0.35843
1,0.41383,0.28227
0,0.097896,0.41383
0,-0.12748,0.097896
0,-0.45648,-0.12748
0,-0.7326,-0.45648
0,-0.26863,-0.7326
1,-0.42899,-0.26863
1,0.38181,-0.42899
1,0.49085,0.38181
1,0.79946,0.49085
1,0.82636,0.79946
1,1.5337,0.82636
1,1.0792,1.5337
1,0.60463,1.0792
1,0.6268,0.60463
1,1.0331,0.6268
1,0.65913,1.0331
1,1.1702,0.65913
1,0.60428,1.1702
1,1.0104,0.60428
1,1.6878,1.0104
1,2.082,1.6878
1,0.40872,2.082
0,0.41763,0.40872
0,-0.34894,0.41763
1,-0.021204,-0.34894
1,0.25885,-0.021204
0,0.1104,0.25885
0,-0.97165,0.1104
0,-0.38711,-0.97165
0,-0.35865,-0.38711
1,-0.31441,-0.35865
0,0.14955,-0.31441
0,-0.69249,0.14955
1,-0.83917,-0.69249
1,0.37959,-0.83917
1,0.023939,0.37959
1,0.4429,0.023939
1,0.20345,0.4429
1,0.33561,0.20345
1,0.9363,0.33561
1,0.45377,0.9363
0,0.85231,0.45377
0,-0.010483,0.85231
0,-0.84986,-0.010483
0,-0.47496,-0.84986
1,-0.48256,-0.47496
1,0.18799,-0.48256
0,0.83152,0.18799
0,-0.060289,0.83152
0,-0.042782,-0.060289
0,-0.558,-0.042782
1,-0.99203,-0.558
1,0.15192,-0.99203
1,0.017423,0.15192
0,1.1642,0.017423
1,-0.35671,1.1642
1,0.42257,-0.35671
0,0.73453,0.42257
0,-0.081326,0.73453
0,-0.25911,-0.081326
0,-0.57328,-0.25911
0,-0.46965,-0.57328
0,-0.16926,-0.46965
0,-0.15594,-0.16926
1,-0.61573,-0.15594
1,0.40244,-0.61573
0,0.11436,0.40244
1,-0.14797,0.11436
1,0.50048,-0.14797
1,0.51383,0.50048
1,2.1725,0.51383
1,0.64921,2.1725
0,0.7514,0.64921
1,-0.037787,0.7514
0,0.031126,-0.037787
0,-0.26834,0.031126
1,-0.43177,-0.26834
1,0.37677,-0.43177
1,0.13404,0.37677
1,0.8509,0.13404
1,0.19393,0.8509
1,0.34201,0.19393
0,1.5261,0.34201
0,-0.11323,1.5261
0,-0.37056,-0.11323
0,-0.091206,-0.37056
0,-0.23172,-0.091206
0,-0.35827,-0.23172
0,-0.27474,-0.35827
0,-0.51618,-0.27474
0,-1.2237,-0.51618
1,-0.89073,-1.2237
1,0.1364,-0.89073
0,0.17162,0.1364
0,-0.52914,0.17162
0,-1.5206,-0.52914
0,-0.098939,-1.5206
0,-0.52846,-0.098939
0,-0.010814,-0.52846
0,-0.80518,-0.010814
0,-1.0947,-0.80518
0,-0.80515,-1.0947
1,-1.5234,-0.80515
1,0.14442,-1.5234
1,0.28664,0.14442
0,0.16489,0.28664
1,-0.35365,0.16489
0,0.41329,-0.35365
0,-0.81896,0.41329
1,-0.099001,-0.81896
0,0.0069347,-0.099001
1,-0.22858,0.0069347
1,0.46624,-0.22858
1,0.26562,0.46624
0,0.47225,0.26562
1,-0.18901,0.47225
1,0.23631,-0.18901
1,1.0945,0.23631
1,0.12361,1.0945
1,1.0366,0.12361
1,0.50816,1.0366
1,0.51267,0.50816
0,0.1926,0.51267
0,-0.22624,0.1926
1,-0.13058,-0.22624
1,1.0879,-0.13058
1,1.2732,1.0879
1,0.35732,1.2732
1,0.19164,0.35732
0,0.21412,0.19164
0,-0.092594,0.21412
0,-0.31179,-0.092594
0,-0.41393,-0.31179
0,-0.26889,-0.41393
0,-0.072377,-0.26889
0,-1.2695,-0.072377
0,-1.1143,-1.2695
1,-0.92401,-1.1143
0,0.076366,-0.92401
1,-0.79586,0.076366
0,0.22262,-0.79586
1,-0.14054,0.22262
0,0.0026695,-0.14054
1,-0.71466,0.0026695
0,0.28909,-0.71466
1,-0.3689,0.28909
0,0.63246,-0.3689
0,-1.7894,0.63246
0,-0.83553,-1.7894
1,-0.3441,-0.83553
1,0.089345,-0.3441
0,0.55364,0.089345
1,-0.61611,0.55364
1,0.96088,-0.61611
1,0.68295,0.96088
0,0.60997,0.68295
1,-0.055374,0.60997
0,0.096345,-0.055374
0,-0.11309,0.096345
1,-0.21675,-0.11309
1,0.15319,-0.21675
0,0.83349,0.15319
0,-0.64148,0.83349
0,-0.75054,-0.64148
1,-1.032,-0.75054
1,0.26884,-1.032
1,0.10929,0.26884
1,0.68635,0.10929
1,0.040301,0.68635
1,0.82516,0.040301
0,0.46451,0.82516
1,-0.40577,0.46451
1,0.15535,-0.40577
1,1.3445,0.15535
0,0.38459,1.3445
1,-0.038516,0.38459
1,0.33293,-0.038516
0,0.1511,0.33293
0,-0.0056756,0.1511
0,-0.0042286,-0.0056756
0,-0.9347,-0.0042286
0,-1.0066,-0.9347
0,-1.3437,-1.0066
0,-1.6011,-1.3437
0,-1.0652,-1.6011
0,-0.90376,-1.0652
0,-1.0621,-0.90376
0,-1.2152,-1.0621
1,-0.78539,-1.2152
0,0.048834,-0.78539
0,-0.22157,0.048834
0,-0.45654,-0.22157
0,-0.060119,-0.45654
0,-0.46686,-0.060119
0,-0.48068,-0.46686
0,-0.544,-0.48068
0,-0.64887,-0.544
1,-0.9122,-0.64887
1,0.85137,-0.9122
1,1.1495,0.85137
0,1.045,1.1495
1,-0.23943,1.045
1,0.61171,-0.23943
1,0.52165,0.61171
0,0.55193,0.52165
1,-0.54931,0.55193
0,0.26387,-0.54931
0,-0.25288,0.26387
1,-0.28472,-0.25288
0,0.54525,-0.28472
1,-0.26013,0.54525
0,0.0066866,-0.26013
1,-0.35704,0.0066866
1,0.26676,-0.35704
1,0.33507,0.26676
1,0.48153,0.33507
0,0.087768,0.48153
0,-0.73698,0.087768
1,-0.07364,-0.73698
0,0.36951,-0.07364
0,-0.34444,0.36951
0,-0.43403,-0.34444
0,-0.76707,-0.43403
0,-0.58739,-0.76707
0,-0.64747,-0.58739
1,-0.11005,-0.64747
0,0.067226,-0.11005
1,-0.12235,0.067226
1,0.60862,-0.12235
0,0.35529,0.60862
1,-0.24,0.35529
0,0.17225,-0.24
0,-0.23156,0.17225
0,-0.48287,-0.23156
0,-0.072109,-0.48287
0,-0.17681,-0.072109
1,-0.15293,-0.17681
1,0.030646,-0.15293
1,0.53818,0.030646
1,1.2382,0.53818
0,0.35938,1.2382
1,-0.21913,0.35938
0,0.24751,-0.21913
0,-0.12886,0.24751
1,-0.36978,-0.12886
1,0.67725,-0.36978
0,0.3159,0.67725
0,-0.17898,0.3159
0,-0.28951,-0.17898
0,-0.93928,-0.28951
0,-0.032015,-0.93928
0,-0.17424,-0.032015
0,-0.5263,-0.17424
0,-0.051003,-0.5263
1,-0.049278,-0.051003
0,0.19605,-0.049278
0,-1.043,0.19605
0,-0.57276,-1.043
1,-0.937,-0.57276
0,0.52646,-0.937
0,-0.06903,0.52646
0,-0.66483,-0.06903
0,-0.71335,-0.66483
1,-0.068153,-0.71335
1,0.24701,-0.068153
1,0.1206,0.24701
0,0.2105,0.1206
1,-0.22953,0.2105
1,0.21071,-0.22953
1,0.13766,0.21071
1,0.1483,0.13766
1,0.14271,0.1483
0,0.14912,0.14271
0,-0.0095009,0.14912
0,-0.42894,-0.0095009
0,-0.11537,-0.42894
0,-1.0825,-0.11537
0,-0.85972,-1.0825
0,-0.88889,-0.85972
0,-0.39408,-0.88889
0,-0.091687,-0.39408
0,-0.89105,-0.091687
0,-0.89974,-0.89105
0,-0.96114,-0.89974
1,-0.65088,-0.96114
0,0.19283,-0.65088
1,-0.15201,0.19283
1,0.03049,-0.15201
0,0.37633,0.03049
1,-0.11788,0.37633
1,1.1172,-0.11788
0,0.54447,1.1172
0,-0.66109,0.54447
0,-0.56181,-0.66109
0,-1.2841,-0.56181
1,-1.6531,-1.2841
0,0.19681,-1.6531
0,-0.72462,0.19681
0,-0.38535,-0.72462
0,-0.25086,-0.38535
0,-0.28973,-0.25086
0,-0.98923,-0.28973
0,-1.1122,-0.98923
0,-0.058433,-1.1122
